{
    "swagger": "2.0",
    "info": {
        "version": "1.0.0",
        "title": "Node.js Products Application API",
        "description": "Node.js Products Application API",
        "license": {
            "name": "MIT",
            "url": "https://opensource.org/licenses/MIT"
        }
    },
    "host": "localhost:3000",
    "basePath": "/api",
    "tags": [
        {
            "name": "Products",
            "description": "API for products in the system"
        }
    ],
    "schemes": [
        "http"
    ],
    "consumes": [
        "application/json"
    ],
    "produces": [
        "application/json"
    ],
    "paths": {
        "/products": {
            "get": {
                "tags": [
                    "Products"
                ],
                "summary": "Get all Products in the system",
                "responses": {
                    "200": {
                        "description": "OK",
                        "schema": {
                            "$ref": "#/definitions/Productdetails"
                        }
                    }
                }
            },
            "post": {
                "tags": [
                    "Products"
                ],
                "description": "Create new Product in the system",
                "summary": "Add product to system",
                "parameters": [
                    {
                        "name": "user",
                        "in": "body",
                        "description": "Product that we want to add",
                        "schema": {
                            "$ref": "#/definitions/Productdetails"
                        }
                    }
                ],
                "produces": [
                    "application/json"
                ],
                "responses": {
                    "200": {
                        "description": "New Productd is created",
                        "schema": {
                            "$ref": "#/definitions/Productdetails"
                        }
                    }
                }
            }
        },
        "/products/top/viewed": {
            "parameters": [
                {
                    "name": "currency",
                    "in": "query",
                    "required": false,
                    "description": "Get Price by Selected Currency",
                    "type": "string",
                    "enum": [
                        "CAD",
                        "HKD",
                        "ISK",
                        "PHP",
                        "DKK",
                        "HUF",
                        "CZK",
                        "GBP",
                        "RON",
                        "SEK",
                        "IDR",
                        "INR",
                        "BRL",
                        "RUB",
                        "HRK",
                        "JPY",
                        "THB",
                        "CHF",
                        "EUR",
                        "MYR",
                        "BGN",
                        "TRY",
                        "CNY",
                        "NOK",
                        "NZD",
                        "ZAR",
                        "USD",
                        "MXN",
                        "SGD",
                        "AUD",
                        "ILS",
                        "KRW",
                        "PLN"
                    ]
                },
                {
                    "name": "limit",
                    "in": "query",
                    "required": false,
                    "description": "Result limit",
                    "type": "integer"
                }
            ],
            "get": {
                "tags": [
                    "Products"
                ],
                "summary": "Get Top viewd products",
                "responses": {
                    "200": {
                        "description": "OK",
                        "schema": {
                            "$ref": "#/definitions/Productdetails"
                        }
                    }
                }
            }
        },
        "/products/{id}": {
            "parameters": [
                {
                    "name": "id",
                    "in": "path",
                    "required": true,
                    "description": "ID of the product you want",
                    "type": "string"
                },
                {
                    "name": "currency",
                    "in": "query",
                    "required": false,
                    "description": "Get Price by Selected Currency",
                    "type": "string",
                    "enum": [
                        "CAD",
                        "HKD",
                        "ISK",
                        "PHP",
                        "DKK",
                        "HUF",
                        "CZK",
                        "GBP",
                        "RON",
                        "SEK",
                        "IDR",
                        "INR",
                        "BRL",
                        "RUB",
                        "HRK",
                        "JPY",
                        "THB",
                        "CHF",
                        "EUR",
                        "MYR",
                        "BGN",
                        "TRY",
                        "CNY",
                        "NOK",
                        "NZD",
                        "ZAR",
                        "USD",
                        "MXN",
                        "SGD",
                        "AUD",
                        "ILS",
                        "KRW",
                        "PLN"
                    ]
                }
            ],
            "get": {
                "tags": [
                    "Products"
                ],
                "summary": "Get product by ID",
                "responses": {
                    "200": {
                        "description": "Product is found",
                        "schema": {
                            "$ref": "#/definitions/Productdetails"
                        }
                    }
                }
            },
            "delete": {
                "summary": "Delete specific product by ID",
                "tags": [
                    "Products"
                ],
                "responses": {
                    "200": {
                        "description": "Product is deleted",
                        "schema": {
                            "$ref": "#/definitions/Productdetails"
                        }
                    }
                }
            }
        }
    },
    "definitions": {
        "Productdetails": {
            "required": [
                "title",
                "_id",
                "price",
                "description",
                "category",
                "image",
                "viewcount",
                "product_enable"
            ],
            "properties": {
                "_id": {
                    "type": "string",
                    "uniqueItems": true
                },
                "product_enable": {
                    "type": "boolean",
                    "uniqueItems": false
                },
                "viewcount": {
                    "type": "integer",
                    "uniqueItems": false
                },
                "image": {
                    "type": "string",
                    "uniqueItems": false
                },
                "category": {
                    "type": "string",
                    "uniqueItems": false
                },
                "description": {
                    "type": "string",
                    "uniqueItems": false
                },
                "title": {
                    "type": "string",
                    "uniqueItems": false
                },
                "price": {
                    "type": "integer",
                    "format": "float"
                }
            },
            "Productdetail": {
                "type": "object",
                "$ref": "#/definitions/Productdetails"
            }
        }
    }
}